Content Title,Content Description,Content Type,Content Last Watched Date (if viewed),Content Completed At (if completed),Content Saved,Notes taken on videos (if taken),
Introduction to Terraform on Azure,"Are you wondering how to use Terraform for Azure? In this course, cloud engineer Alexandra Illarionov introduces you to everything you need to get started, including the base concepts, commands, and use-cases for Terraform in an Azure environment. Alexandra begins by defining Infrastructure as Code (IaC) and Terraform. She explains why Terraform is useful and how it compares to Bicep. Alexandra guides you through all the steps in installing and setting up Terraform in your environment, then shows you how to get started with Terraform commands, workspaces, state files, resources, and more. She steps through creating with Terraform and using Terraform to create a resource group, a virtual network, a subnet, an internal network interface, and more. After completing this course, you will know how to set up Terraform on Visual Studio Code and start deploying resources at a base level.",Course,N/A,N/A,true,N/A,
JavaScript Essential Training,"<p>JavaScript is a scripting language of the web. As the web evolves from a static to a dynamic environment, technology focus is shifting from static markup and styling to dynamic interfaces and advanced interaction. Once seen as optional, JavaScript is now becoming an integral part of the web, infusing every layer with its script.</p><p>This course includes Code Challenges powered by CoderPad. Code Challenges are interactive coding exercises with real-time feedback, so you can get hands-on coding practice alongside the course content to advance your programming skills. Instructor Morten Rand-Hendriksen helps you build your understanding of JavaScript piece by piece, from core principles like variables, data types, conditionals, and functions through advanced topics including loops, and DOM scripting. </p>",Course,2024-01-30 09:45 UTC,N/A,true,N/A,
DevOps with AWS,"DevOps describes a culture and set of processes that bring development and operations teams together to simplify software development. It allows organizations to create and improve products at a faster pace than they can deliver with traditional software development approaches. And it’s gaining in popularity at a rapid rate. In this course, programmer Dipali Kulshrestha covers the concepts of DevOps with hands-on demos to create and automate CI/CD (continuous implementation and continuous delivery) pipelines. She covers AWS services like CodeCommit, CodeBuild, CodeDeploy, and CodePipeline, and how to implement DevOps with AWS offerings to increase security, scalability, reliability, and simplicity of the development processes.",Course,N/A,N/A,true,N/A,
Microsoft Entra ID Fundamentals,"Microsoft Entra ID is Microsoft's cloud-based identity and access management service. In this beginning-level course, IT consultant and trainer Kunal D Mehta provides an introduction to Entra ID. Explore the place that Entra ID holds at the helm of all Microsoft cloud products. Learn why it’s needed today. Dive into key features that set Entra ID apart from its competitors, as well as information on the industry standards and compliance regulations it fulfills. Plus, discover the business objectives it helps achieve.",Course,2024-06-25 22:20 UTC,N/A,false,N/A,
Advanced SQL for Data Science: Time Series,"Time series data is data gathered over time: performance metrics, user interactions, and information collected by sensors. Since different time series data have different measures and different intervals,  these data present a unique challenge for data scientists. However, SQL has some features designed to help. This course teaches you how to standardize and model time series data with them. Instructor Dan Sullivan discusses windowing and the difference between sliding and tumbling window calculations. Then learn how SQL constructs such as OVER and PARTITION BY help to simplify analysis, and how denormalization can be used to augment data while avoiding joins. Plus, discover optimization techniques such as indexing. Dan also introduces time series analysis techniques such as previous time period comparisons, moving averages, exponential smoothing, and linear regression.",Course,2024-06-17 08:55 UTC,N/A,false,N/A,
CONTENT METADATA NO LONGER EXISTS - urn:li:lyndaLearningPath:1~AAAAAAd4ABI=1057003,CONTENT METADATA NO LONGER EXISTS - urn:li:lyndaLearningPath:1~AAAAAAd4ABI=1057003,Learning Path,2024-02-04 10:20 UTC,N/A,false,N/A,
CONTENT METADATA NO LONGER EXISTS - urn:li:lyndaLearningPath:1~AAAAAAd4ABI=1453627,CONTENT METADATA NO LONGER EXISTS - urn:li:lyndaLearningPath:1~AAAAAAd4ABI=1453627,Learning Path,2024-02-09 22:55 UTC,N/A,false,N/A,
Getting Started with DevOps,"DevOps is a set of practices, tools, and cultural philosophy that automate and integrate the processes between software development and IT teams. This learning path provides an overview of DevOps and the key components of the DevOps methodology.",Learning Path,2024-06-23 08:24 UTC,N/A,false,N/A,
Introducing Daily,CONTENT DESCRIPTION IS MISSING - urn:li:llsServeVideo:60347605,Video (3rd Party Provider),2024-02-02 08:05 UTC,N/A,false,N/A,
Embedding DIBs in your company culture,"Fostering diversity, inclusion, and belonging into your company culture is at the heart of a DIBs-oriented company. This video helps you foster a workplace in which diversity, inclusion, and belonging aren’t merely buzzwords but are deeply rooted in your culture and philosophy. Also, learn how to foster an environment where everyone embraces uniqueness, seeing it as a driver of innovation and not having to assimilate to fit in.",Video (3rd Party Provider),2024-02-02 08:05 UTC,N/A,false,N/A,
How community outreach plays a role in DEIB,Learn to make sure your influence extends beyond pipelines. Dr. Tana M. Session shares the importance of giving back to the communities in which organizations serve. True commitment comes from giving back. What is your organization doing to uplift underrepresented or marginalized communities?,Video (3rd Party Provider),2024-02-02 08:05 UTC,N/A,false,N/A,
Learn from your mistakes with Sarah Robb O'hagan,LEP ZINC DAILY BITE 5-Dec-203,Video (3rd Party Provider),2024-02-02 08:05 UTC,N/A,false,N/A,
Pivot data in Power Query,"Yes, it's possible to create a pivot table in Power Query. Learn about how to generate pivoted data in Power Query.",Video (3rd Party Provider),2024-02-02 08:05 UTC,N/A,false,N/A,
How to create aesthetically pleasing bar charts,"Bar charts are a useful tool and there are ways to make them less boring. In this video, learn how to articulate why bar charts work so well and explore alternatives that may be more aesthetically pleasing.",Video (3rd Party Provider),2024-02-07 06:37 UTC,2024-02-07 06:36 UTC,false,N/A,
Voluntary disability disclosures,"In this video, learn how to differentiate between inclusive disclosure and forced disclosure. This allows you to gauge how successful you are with inclusion for workers with disabilities.",Video (3rd Party Provider),2024-02-07 06:37 UTC,N/A,false,N/A,
The benefits of Microsoft Excel for agile teams,"In this video, learn how to assess whether Microsoft Excel is the best fit for your team.",Video (3rd Party Provider),2024-02-02 08:05 UTC,N/A,false,N/A,
What green jobs and skills are in demand?,"There are a set of ""green skills"" that go beyond jobs in sustainability, but are more widespread to larger workforce. Recognize that the vast majority of green skills are showing up in non-green jobs and sectors like fashion and finance.",Video (3rd Party Provider),2024-02-02 08:05 UTC,N/A,false,N/A,
Building equity into talent systems and processes,"How organizations bring DEIB into their talent practices greatly impacts whether an organization makes progress toward their DEIB goals or metrics. In this video, learn how to apply a DEIB lens to the talent lifecycle and understand the benefits.",Video (3rd Party Provider),2024-02-02 08:05 UTC,N/A,false,N/A,
SQL for Finance: Income Statement Project,"SQL is a powerful tool to have in your toolkit, when you need to create financial reports. How do you get started, though? In this course, data analytics expert Gabriela Baldivia Soncini guides you through the fundamental concepts of financial accounting via an income statement project. Learn how to extract data from a relational database, manipulate data using SQL queries, and transform the data. Find out how to prepare basic financial statements like balance sheets and income statements. Plus, solidify what you learn with a course-spanning project, as well as several hands-on challenges.",Course,2024-06-17 09:10 UTC,N/A,false,N/A,
Microsoft Azure Fundamentals (AZ-900) Cert Prep: 1 Cloud Concepts,"The Microsoft Azure Fundamentals certification exam is for anyone looking to begin their professional journey in cloud computing. To pass the AZ-900 exam, you need a high-level knowledge of the cloud, Azure architecture, core security, its basic services, management tools, and governance. This first course in the AZ-900 cert prep series covers the Cloud Concepts part of the exam objectives. Your instructor Kunal D Mehta provides a comprehensive guide toward understanding cloud computing, including the three “as-a-service” models, types of cloud configurations, and the potential benefits that organizations can get by leveraging cloud computing.",Course,2023-06-13 07:54 UTC,N/A,false,N/A,
Cloud Management with Microsoft Intune,"<p>Microsoft Endpoint Manager offers a unified management system that combines functions of Microsoft Intune and Configuration Manager to allow admins to secure, deploy, and manage users, apps, and devices. In this course, experienced networking consultant Robert McMillen explains how Endpoint Manager can be used to manage endpoint security, device management, and cloud actions. Robert begins with an overview of Endpoint products and how to identify which products are best for specific environments. Next, he explains how to prepare for, install, and use Configuration Manager. Robert goes over using Intune for managing mobile devices and links between an on-premises PC to Microsoft Entra ID (formerly Azure Active Directory). He covers assigning licenses and Group Policy, as well as Windows update policies. Robert demonstrates how to use the Intune Admin Center and Microsoft Entra ID. Plus, he introduces several Intune Suite products and highlights how to simplify and improve your Intune workflows with Windows Autopilot and Desktop Analytics.</p>",Course,2025-03-22 01:22 UTC,N/A,false,N/A,
"Build a Lightweight Full-Stack Headless CMS Using Next.js, Contentful, and GraphQL","With the growing popularity and widespread use of headless architecture in web development, it is important for web developers to stay ahead of the industry curve. Headless architecture keeps the frontend lightweight and more optimized. In this course, software engineer and educator Dakota Fabro guides you through building for clients who prefer to use a CMS with their websites so that you can provide solutions that are lightweight and intuitive. Learn to use Next.js, Contentful, and GraphQL to create a site that uses headless architecture. Then complete a final project to help you practice what you’ve learned in the course. By the end of this course, you will be able to build and maintain headless web projects, and you’ll be able to apply the skills and knowledge acquired from this course in your current or aspirational role.",Course,2024-09-08 01:17 UTC,N/A,false,N/A,
Node.js Essential Training,"Node.js is a powerful tool for controlling servers, building web applications, and creating event-driven programs. And it takes JavaScript—a language familiar to all web developers—out of the browser. With Node.js, you can build applications that run on your laptop or even the cloud.
In this course, learn the essentials of Node.js and start creating your own JavaScript applications. Instructor Eve Porcello covers all of the basics, showing how to install Node.js and work with the Node.js core, which includes standard input, standard output, the module system, the file system, and how to write and run JavaScript on the server. Upon wrapping up this course, you’ll be equipped with fundamental Node.js concepts and techniques that you can put to use in your next project.",Course,2024-03-10 06:24 UTC,2024-03-10 06:01 UTC,false,N/A,
ChatGPT's Operator: Automating Everyday Tasks with AI Agents,"Discover ChatGPT's Operator, an AI agent in research preview designed to simulate human interaction with websites for task automation. In this course, you'll explore how businesses and individuals can experiment with its capabilities, consider safety and ethical implications, and plan for integrating AI agents into workflows. Learn to evaluate potential use cases, think critically about their implementation, and prepare for the future of AI-powered automation.",Course,2025-08-10 11:42 UTC,N/A,false,N/A,
DevOps Foundations: Infrastructure as Code,"<p>Infrastructure automation—transitioning an organization's system administration from hardware into code—is one of the major DevOps practice areas. By automating configuration management, you can make your systems more reliable, processes more repeatable, and server provisioning more efficient. In this course, learn the basics of infrastructure as code, including how to keep your configuration in a source code repository and have it built and deployed just like an application.
 </p><p>
Discover how to approach converting your systems over to becoming fully automated—from server configuration to application installation to runtime orchestration. Join notable DevOps practitioners Ernest Mueller and James Wickett as they dive into key concepts, and use a wide variety of tools to illustrate those concepts, including Ansible, Terraform, Docker, Kubernetes, Serverless, and AWS Lambda. Check out this course to gain the knowledge you need to start implementing an infrastructure as code strategy.</p><p>This course is part of a <a href=""https://www.linkedin.com/learning/paths/devops-professional-certificate-by-pagerduty-and-linkedin?u=104"" target=""_blank"">Professional Certificate</a> from PagerDuty.</p>",Course,2024-02-23 16:34 UTC,N/A,true,N/A,
What Athletes Can Teach Us About Mental Health,"<p>Strong mental skills are foundational to an athlete's career—regardless of their sport. If you have great physical talent but can't manage your mental game effectively, you won't reach your full potential. And the better you manage your mind, the better you're perceived! In this course, performance psychologist Alex Auerbach, who works with the Toronto Raptors, shares practical wisdom to help athletes navigate their mental challenges and maintain high performance. He discusses how to think about performance and influence it positively. Alex also delves into cultivating presence and routine, connecting to motivation and purpose, understanding your ""why,” and dealing with imposter syndrome and failure. He also reveals strategies to maximize your potential and stay present every day. Finally, he shows how your team and environment can affect your performance.</p><p>
This course was created by Morra Aarons-Mele of <i>The Anxious Achiever</i>. We are pleased to offer this insightful discussion in our library.",Course,2024-10-10 21:52 UTC,N/A,false,N/A,
Git Essential Training (2023),"If you’ve ever wondered why someone should use Git or how to use it for version control, this is a great course to get started. Azure MVP and GitHub Star Barbara Forbes guides you through the installation process, the Git workflow, setting up and pushing code into a repo, and committing changes, all with a focus on version control and how Git can help you achieve it. Find out why people use Git. Learn how Git works, locally or through a provider, and how you can get it installed, configured, and running the way you need it to work. Follow the full process of pushing your code with Git, then explore ways to make changes to files. Discover important concepts in Git, like how to ignore files you don’t want to include, how branching can help you with development, what should be in a commit, and how to troubleshoot if you get into trouble. Plus, get current instruction on using GitHub Star and Microsoft MVP.",Course,2024-03-10 06:48 UTC,N/A,true,N/A,
Cloud Native Projects: AWS Serverless,"Developers need to understand how to use serverless functions in cloud environments. In this course, instructor Frank P Moley III explains how to use AWS Lambda as a serverless framework and why developers should understand how to use this tool. Frank introduces you to AWS Lambda and how to interact with Lambda in the AWS console. He talks about how and why serverless exists and operates as a technology selection, including its benefits, downfalls, and use cases. Frank covers how to use Lambda functions with Python, Java, and Go.",Course,2024-06-20 19:56 UTC,N/A,false,N/A,
Java Exception Handling,"As you build any application, you can’t just assume that everything will run as expected. There are so many things that could cause your applications to not function properly or even crash. This course aims to teach developers how to handle such unforeseen scenarios in applications. Join instructor Cecili Reid as she teaches you the different types of exceptions, how to handle exceptions, and how to test an application to ensure it handles exceptions as expected. Cecili uses a sample Spring Boot web app as a case study and walks through practical scenarios where you’d want to use exception handling in that application. She starts with an initial application that doesn’t have exception handling mechanisms, and as she walks through each concept, she shows you how to improve the application by applying the concepts taught in each chapter. Cecili also shares some best practices to follow when handling exceptions in your applications.",Course,2024-06-25 07:59 UTC,N/A,false,N/A,
UX Research Methods: Interviewing,"By taking the time to understand the needs and motivations of your users, you can develop better products that actually resonate with your target audience. In this course, learn the fundamentals of a core UX research method—interviewing—that can help you better understand the needs of your users.<br><br>
Amanda Stockwell explains what UX interviewing is, when UX professionals use interviews, and what kind of information you'll gather. She also takes you through how to prepare for interviews, moderate your sessions, and analyze your data.  After you wrap up this course, you'll be prepared to conduct UX interviews on your own.",Course,2024-06-18 12:31 UTC,N/A,false,N/A,
Practice Exam 1 for AWS Cloud Practitioner (CLF-C02),"<p>This practice exam is intended to help you prepare for the <b>AWS Cloud Practitioner (CLF-C02)</b> certification exam. After you launch the practice exam, there are three practice modes available; timed, untimed, or custom. Each mode allows unlimited attempts, explanations for correct and incorrect answers, and detailed exam results. The number and types of questions on the practice exam and the duration of the timed practice exam is intended to be representative of the certification exam.</p>
<p><b>Want more practice?</b> Additional practice exams for this certification are available and each has a unique question set for continued preparation.</p>
<ul>
<li><a href=""https://www.linkedin.com/learning/practice-exam-2-for-aws-cloud-practitioner-clf-c02/"" target=""_blank"">Practice Exam 2 for AWS Cloud Practitioner (CLF-C02)</a></li>
<li><a href=""https://www.linkedin.com/learning/practice-exam-3-for-aws-cloud-practitioner-clf-c02/"" target=""_blank"">Practice Exam 3 for AWS Cloud Practitioner (CLF-C02)</a></li>
<li><a href=""https://www.linkedin.com/learning/practice-exam-4-for-aws-cloud-practitioner-clf-c02"" target=""_blank"">Practice Exam 4 for AWS Cloud Practitioner (CLF-C02)</a></li>
</ul>
<p><b>About the certification</b>: To learn more about this certification, visit <b><a href=""https://aws.amazon.com/certification/certified-cloud-practitioner/"">Amazon Web Services</b></a>.</p>
<p><I>The practice exam questions provided are representative of the certification exam, but not the actual questions you will see on the certification exam. Practice exams are for self-assessment. Passing this practice exam does not guarantee that you will pass the actual certification exam.</I></p>",Course,2024-01-30 09:43 UTC,N/A,false,N/A,
Microsoft Azure Solutions Architect Expert (AZ-305) Cert Prep: 4 Design Infrastructure Solutions by Microsoft Press,"<p>Begin your preparations for the Microsoft Azure Solutions Architect Expert (AZ-305) Exam with this series of courses. In this final course, go over how to design infrastructure solutions. Explore compute options, such as using basic VMs, creating shared images, and setting up a load balancer. Learn how to use containers in Azure, including how to create a basic container, use Web Apps for containers, and use AKS. Go over application architectures, like setting up a modern API, using Azure Event Grid, and using Azure Service Bus. Learn about migrating to the cloud. Plus, dive into networking in Azure, with useful tips on network security options, connecting networks in Azure, using service endpoints, and more.</p>
 
<p>This course was created by Microsoft Press and Brett Hargreaves. We are pleased to host this training in our library.</p>",Course,2024-10-15 02:47 UTC,N/A,false,N/A,
Microsoft Azure Administrator (AZ-104) Cert Prep: 1 Manage Azure Identities and Governance,"<p>Cloud Skills are becoming an important part of any IT professional's resume. The Microsoft Azure Administrator Associate certification vets your skills and ability to create and manage workloads in the Microsoft Azure cloud. In this course, learn the core concepts and key skills you need to know to tackle the first domain of the Microsoft Azure Administrator (Exam AZ-104) certification exam. Learn how to manage Azure identities and governance like a pro, including user and guest accounts, bulk user updates, devices, passwords, resource hierarchies, role-based access control, and more. Upon completing this course, you’ll be equipped with the skills you need to prepare for the first domain of the exam.</p><p>This course was created by Microsoft Press. We are pleased to host this content in our library.</p>",Course,2024-04-06 00:52 UTC,N/A,false,N/A,
Skills to Build Stronger Work Relationships,"<p>In the world of hybrid work, uncertainty, and constant change, people need healthy work relationships to feel supported and show up as their best selves, This course teaches essential skills to build and maintain more resilient relationships.
Dr. Emily Anhalt teaches essential tools and skills, including: taking ownership of your part, strategies to build empathy, ways to create a more positive and safe working environment, ways to move from reactive to proactive, how to have healthy conflict, getting on the same team, expressing yourself more effectively, and breaking an emotional sweat every day.</p><p>This course is part of a <a href=""https://www.linkedin.com/learning/paths/becoming-a-manager-professional-certificate-by-linkedin-learning"" >Professional Certificate</a> from LinkedIn Learning.</p>",Course,2024-08-31 09:01 UTC,N/A,false,N/A,
"Build a Faster, More Structured Express API with Node.js and TypeScript","JavaScript is not going anywhere, but TypeScript is being used more and more in larger, production level projects. Being able to understand and use TypeScript in a backend environment will be useful for those who are interested in upgrading their largest JavaScript projects. In this course, software engineer Dakota Fabro teaches you how to: configure a project for TypeScript; configure a database connection for use with the API; build a seed file for the development process; build an Express server utilizing TypeScript; use Jest to test your API endpoints; host your API as a web service using Render; and write a proper README to explain and describe API routes for frontend developers.",Course,2024-02-27 10:05 UTC,2024-02-27 10:00 UTC,false,N/A,
CONTENT METADATA NO LONGER EXISTS - urn:li:lyndaCourse:2483198,CONTENT METADATA NO LONGER EXISTS - urn:li:lyndaCourse:2483198,Course,2023-04-10 19:32 UTC,N/A,true,N/A,
Nano Tips to Uncover Your Strengths with Shadé Zahrai,"<p>Welcome to our <i>Nano Tips</i> series, where LinkedIn Learning creators deliver impactful lessons in literally seconds. In this installment, explore the power of uncovering your inner strengths and managing your weaknesses to promote personal growth.</p><p>Join peak performance researcher and behavioral strategist Shadé Zahrai to learn the secrets of identifying and evolving your strengths with a genuinely curious, growth-focused mindset. Unearth your best possible self and start building on the innate qualities of your character, gathering feedback, unlocking your full potential, seeking balance, and finding your flow state. Along the way, Shadé shows you how to scrutinize your weaknesses to weed out bad habits, play to your strengths, and invest in your future self.</p>",Course,2025-06-30 07:23 UTC,N/A,false,N/A,
AI Programming for JavaScript Developers,"<p>AI is becoming more and more of a requirement for JavaScript development projects. You can use AI technologies for UI enhancements, as well as built upon several AIs with JavaScript. As we move toward a world where more AI programming is normalized, the JavaScript ecosystem contains tools to make your work as a developer easier. In this course, software developer and instructor Eve Porcello surveys the options available and shows you how to build chat and text analysis programs that use JavaScript libraries in Node.js.</p>

<p>After taking the course, you will be able to analyze text and build chat applications that have a structured output. You will also learn how to save results to databases that are familiar to many JavaScript developers.</p>

<p>This course includes Code Challenges powered by CoderPad. Code Challenges are interactive coding exercises with real-time feedback, so you can get hands-on coding practice alongside the course content to advance your programming skills.</p>",Course,2024-04-14 00:13 UTC,N/A,false,N/A,
Learning Go (2021),"What is Go? Go is a next-generation, open-source programming language created by Google for building systems, web, and other applications. This course is designed to help developers get started with Go, covering its core language elements and syntax. David Gassner introduces tools and skills used in a Go workflow—including Go Playground, an online tool that takes Go development off the desktop. He also covers basic programming tasks: managing values, using math operators, storing values as complex types, and managing program flow. Plus, learn how to create reusable Go code, read and write files, and make simple web requests.

<p>This course includes Code Challenges powered by CoderPad. Code Challenges are interactive coding exercises with real-time feedback, so you can get hands-on coding practice alongside the course content to advance your programming skills.</p>",Course,2024-04-23 19:18 UTC,N/A,false,N/A,
Hands-On AI: Build Your Own GPTs,"Discover how to build AI applications without any coding. Using English as your new programming language, explore crafting advanced prompts, creating comprehensive knowledge bases, and personalizing model outputs for specific tasks. Join Alina Zhang, a seasoned data scientist, to create three custom GPTs: KK, Sun Tzu, and Lilis. Dive into innovative techniques, including the Pentagram framework for prompt engineering, chain-of-thought, few-shot learning, user intent detection, and strategies to safeguard against prompt injection attacks.",Course,2024-07-16 09:33 UTC,N/A,false,N/A,
Working with Difficult People,"<p>In every workplace, you're likely to encounter colleagues who are more difficult to work with than others. But before you rush to judgment, you should determine if and how you might be contributing to the situation, and what you can do to help.</p><p>In this course, join psychologist Dr. Emily Anhalt as she shows you how to navigate and communicate with people who you find challenging to deal with at work. Pause and reflect on your role in challenging work situations to uncover how empathy can help you work better with others. Emily shares strategies to respond to a wide variety of particularly challenging work situations, including with people whose behavior is negative, absent, competitive, and passive-aggressive. By the end of this course, you’ll be prepared with new skills and practical strategies to have an effective conversation with someone you find difficult to work with.</p><p>This course includes AI-powered Role Play. Role Play allows you to practice what you’ve learned in interactive simulations of real-world conversations.</p>",Course,2024-07-09 09:03 UTC,N/A,false,N/A,
AWS Certified Database – Specialty (DBS-C01)  Cert Prep: 2 Design and Deployment,"All quality databases begin with a thoughtful design. In this installment of the <i>AWS Certified Database – Specialty (DBS-C01)</i> series, learn how to design and deploy AWS database solutions as you study for exam DBS-C01. Instructor Tom Carpenter covers database design tools and explains how to design a database for performance, scalability, and compliance. Tom then goes over the backup processes and options related to Amazon Relational Database Service (Amazon RDS) and instance-based database solutions in AWS, as well as the high-availability options in AWS. Plus, he steps through the process of creating RDS, DynamoDB, Redshift, and instance-based databases.<br><br>This Total Seminars course covers the exam certification topics. For information on additional study resources—including practice tests, lab simulations, books, and discounted exam vouchers—visit <a href=""https://www.totalsem.com/linkedin/"" target=""_blank"">totalsem.com/linkedin</a>. LinkedIn Learning members receive special pricing.<br><br>This course was created by Total Seminars. We are pleased to offer this training in our library.",Course,2023-04-09 23:56 UTC,N/A,false,N/A,
Creating a Dev Environment in AWS with Terraform,"If you work in Azure development, this course from CloudSkills.io can show you some best practices for setting up a development environment in AWS. Instructor Philip Afable introduces you to Terraform and shows you how to download and start using it. Philip covers the Lambda function, including how to set it up, write it, troubleshoot it, and update it. He explains how to create a Simple Queue Service (SQS) queue and link this new queue to your Lambda function. Philip concludes with how you can use WorkSpaces and manage regions in your development and production environments.
<br><br>
Note: This course was created by CloudSkills.io. We are pleased to host this training in our library.",Course,N/A,N/A,true,N/A,
Photoshop One-on-One: Mastery,"Discover how to be the best Photoshop user you know with reigning expert Deke McClelland. In this final installment of his comprehensive three-part <i>One-on-One</i> series, Deke explains how Photoshop works at its highest level. Get around Photoshop more quickly by loading dozens of new and revised keyboard shortcuts. Experience the power of Smart Filters, dynamic effects, and such seemingly mundane (but secretly awesome) topics as blur and noise. Discover how to mask images with the Calculations command, and manipulate paths with the Pen tool. Learn how to assemble 360° panoramas and work with such exotic features as layer comps, artboards, and actions. Leave each chapter with a sense of real accomplishment that you can apply to your own marketable, eye-popping artwork.",Course,2024-04-08 19:26 UTC,N/A,false,N/A,
Implementing and Administering Microsoft Sentinel,">Microsoft Sentinel is a next-generation, cloud-native security event and information management (SEIM) system that provides real-time analysis of security alerts generated for your cloud and on-premises resources. By leveraging built-in machine learning from the security analytics experts at Microsoft, Sentinel effectively detects threats while automating threat response using orchestration and built-in or custom security playbooks. In this course, join Pete Zerger as he guides you through the implementation and configuration of Microsoft Sentinel. Discover how to connect key services and threat intelligence resources to Sentinel; investigate cases; create security playbooks to set automated threat responses to issues; and leverage search and query tools to hunt for threats.</p>",Course,2024-01-09 04:55 UTC,N/A,false,N/A,
Learning JDBC (2019),"Whether developers want to build mobile device apps for Android or web-based or desktop-based applications with the core Java SDK from Oracle, they must contend with the fact that many dynamic applications need to integrate data from a relational database. In this course, Frank Moley helps you get up to speed with the Java Database Connectivity (JDBC) API, showing how to use it to read and manage data from relational databases such as Postgres, Oracle Database, MySQL, and SQL Server in applications programmed with Java. Frank begins by going over key JDBC terminology, the basics of configuring a PostgreSQL database, and how to create the course project. He then provides detailed instructions on how to select and update data, work with transactions, handle exceptions, and more.",Course,2023-04-29 21:36 UTC,N/A,false,N/A,
Nano Tips for Effortless Influence with Shadé Zahrai,"Welcome to our Nano Tips series, where LinkedIn Learning creators deliver impactful lessons in literally seconds. In this course, peak performance researcher and behavioral strategist to Fortune 500 companies Shadé Zahrai shows you how to exude effortless influence. She starts with outlining the basics of influence, followed by sharing key influence tactics—leveraging social proof, offering choices, and influencing with emotional intelligence. Shadé then takes it up a level with some pro-level influence techniques, explaining how to influence those with greater authority and how to sway skeptics.",Course,2024-10-02 08:09 UTC,N/A,false,N/A,
Networking Foundations: Wide Area Networks (WANs),"A wide area network (WAN) spans across large distances or across geographic locations. In this course, IT trainer and technology advocate Jarrel Rivera guides you through this foundational networking topic. Get an introduction to WAN, including terminologies, topologies, and devices. Learn about traditional WAN, such as leased lines, PSTN, ISDN, ATM, Frame-relay, SONET/SDH, and dive into modern WAN like dark fiber, ethernet WAN, MPLS, xDSL, PPPoE, Fiber, wireless, SD-WAN. Plus, explore several topics you need to consider, related to WAN, including redundancy, bandwidth/speed, VPN, router security, firewall.",Course,2024-04-25 11:30 UTC,N/A,false,N/A,
Model Context Protocol (MCP): Hands-On with Agentic AI,"The Model Context Protocol (MCP) allows developers to add agent behavior to LLMs by providing a universal protocol providing context to language models so they can interface with data and applications in a consistent way. MCP servers expose resources (data), tools (actions), and prompts (instructions) for the LLM and the user to use in performing more complex operations. In this course you’ll explore how the MCP works in Claude Desktop to extend its functionality, and you’ll build your own MCP servers using Python and TypeScript to give LLMs new capabilities to do things on the computer, connect with external APIs, and perform advanced multi-step actions.",Course,2025-08-22 08:07 UTC,N/A,false,N/A,
DevOps Foundations: Continuous Delivery/Continuous Integration,"<p>Continuous delivery is one of the major DevOps practice areas. By continuously building, testing, and delivering your code, you can reap huge stability, speed, and flexibility benefits. In this course, learn about continuous integration and continuous delivery (CI/CD), and see how these concepts work in practice by constructing your own build pipeline. Throughout this course, instructors James Wickett and Ernest Mueller discuss elements of the pipeline as they show how to take an app written in the Golang programming language from development to production. They walk through version control, building artifacts, unit testing, and deployment, demonstrating common practices and tools along the way. They conclude with some practical advice on CI/CD best practices and common pitfalls, workarounds, and compromises that you may encounter on your journey to continuous delivery.</p><p>This course is part of a <a href=""https://www.linkedin.com/learning/paths/devops-professional-certificate-by-pagerduty-and-linkedin?u=104"" target=""_blank"">Professional Certificate</a> from PagerDuty.</p>",Course,2024-06-23 08:24 UTC,N/A,false,N/A,
Building a Personalized Chatbot with OpenAI and LangChain,"<p>Are you a Python programmer looking to expand your skill set with AI, machine learning, and APIs? In this course, instructor Dhhyey Desai shows you how to use LangChain and OpenAI to build a fully personalized chatbot that’s trained on your data through a PDF file.</p><p>Learn the fundamentals of setting up and preparing data, including the development environment, PDF, and website data. Along the way, Dhhyey provides an overview of what it takes to successfully build a chatbot, from integrating OpenAI for responses to building the LangChain architecture and using Flask for chatbot deployment.</p>",Course,2024-06-27 04:02 UTC,N/A,false,N/A,
Learning Terraform,"Terraform is a DevOps tool for declarative infrastructure—infrastructure as code. It simplifies and accelerates the configuration of cloud-based environments. In this course, instructor Josh Samuelson shows how to use Terraform to configure infrastructure and manage resources with Amazon Web Services (AWS). After demonstrating how to set up AWS for Terraform, Josh covers how Terraform manages your infrastructure, as well as how to use core Terraform commands. He also delves into more advanced topics, including how to leverage code modules from the Terraform registry and how to create your own modules. Upon wrapping up this course, you'll have the knowledge you need to efficiently define and manage infrastructure with this powerful tool.",Course,2024-02-04 09:43 UTC,2024-02-04 09:35 UTC,true,N/A,
Microsoft Azure Fundamentals (AZ-900) Cert Prep: 3 Azure Services,"<p>The Microsoft Azure Fundamentals certification exam is for anyone who wants to begin their professional journey in cloud computing. To pass the AZ-900 exam, you need to have a high-level knowledge of the cloud, Azure architecture, core security, basic services, management tools, and governance. This third course in the AZ-900 cert prep series covers the most essential Azure services and how they work together in real-world applications. Your instructor Kunal D Mehta helps you gain a comprehensive understanding of Azure compute, networking, and storage services like virtual machines, App Service, Container Instances, Functions, Virtual Networks, ExpressRoute, Azure DNS, storage accounts, and data management tools.</p>

<p>This course was created by Kunal Mehta. We are pleased to host this training in our library.</p>",Course,2024-07-09 19:59 UTC,N/A,false,N/A,
Deploying and Running Apache Kafka on Kubernetes,"Apache Kafka has become the de-facto event-streaming platform, and its popularity is growing every year. Did you know that you can even deploy Kafka on a Kubernetes cluster? Whether you’re deploying Kafka yourself or using a tool or a managed service, there are a few key points to keep in mind. In this course, instructor Kate Stanley talks you through how to deploy Kafka on Kubernetes effectively.<br><br>Explore the platform's internals and concepts and learn more about the Kubernetes features that fit best with Kafka. Kate covers the Kafka configuration options that are essential to a successful, healthy deployment. She teaches you how to configure Kafka to make it accessible from outside the Kubernetes cluster. Examples are drawn from existing open-source projects, taking you step by step through the deployment process and giving you tips to make it easier along the way.",Course,2024-10-04 10:10 UTC,N/A,false,N/A,
CONTENT METADATA NO LONGER EXISTS - urn:li:lyndaCourse:5907566,CONTENT METADATA NO LONGER EXISTS - urn:li:lyndaCourse:5907566,Course,2024-05-12 08:51 UTC,N/A,false,N/A,
Scrollytelling: Creating a One-Page Web Experience,"What is scrollytelling? What can you do with it, and what are some alternatives? In this course, instructor Bill Shander answers these questions and more. Bill begins with a definition and example of scrollytelling, then gives you examples of its benefits for user engagement and narrative experience. He presents some alternative ways to tell stories on your website and offers some pros and cons for each. Bill goes over the technical components of what makes a scrollytelling experience and goes over some options for technologies you can use to create such experiences. He walks you through the complete process of turning your idea into a scrollytelling masterpiece using one particular approach, then concludes with useful advice on cleaning it up to deliver the best possible experience to your users.",Course,2024-06-21 23:05 UTC,N/A,false,N/A,
Learning Amazon Web Services (AWS) for Developers,"Amazon Web Services (AWS) is the leading cloud service provider today, ahead of competitors such as Microsoft Azure and Google Cloud Platform. It is seen by many as the standard for functional, reliable, interoperable, and affordable cloud services. Developers need to understand what it means to develop on and migrate to the cloud—and comprehend the overall landscape of AWS before diving into the platform. This course provides a high-level overview just for developers, focusing on the AWS features and services of the most interest to them. Instructor Bear Cahill introduces AWS Lambda, DynamoDB, ElastiCache, Elastic Beanstalk, S3, SQS, SNS, and many more key features and services.",Course,2023-09-11 22:39 UTC,N/A,false,N/A,
Learning Kubernetes,"<p><b>Prerequisites</b></p>
<ul>
<li>Access to a text editor like Visual Studio Code</li> 
<li>Use of a terminal app to run simple Unix commands</li> 
<li>High-level understanding of container technology</li>
</ul>
<p>Get the foundational knowledge you need to embark on your first voyage with Kubernetes, the world's most popular open-source container orchestration engine. Instructor Kim Schlesinger demonstrates how to create a Kubernetes cluster with Minikube, deploy a containerized application, and manage that application using Kubernetes. Along the way, she guides you through exercises that provide you with hands-on experience.</p>",Course,2024-04-06 00:51 UTC,N/A,true,N/A,
Running Kubernetes on AWS (EKS),"<p><b>Suggested prerequisites</b></p>
<ul>
<li>Access to a terminal application for running simple Unix commands in Windows, Linux, or macOS</li>
<li>Access to a text editor like VS Code</li>
<li>An active AWS account</li>
<li>Working knowledge of Kubernetes</li>
</ul>

<p><b>Projects</b></p>
<ul>
<li>Create a basic business service application that responds to HTTP requests with a random quote.</li> 
<p>Being able to operate Kubernetes clusters on AWS is an increasingly in-demand skill, and it often bodes well for career advancement. But both systems are complex and present unique challenges, and it can be difficult to know where to begin. In this course, technical curriculum developer Kim Schlesinger helps you get started with hands-on, practical experience running Kubernetes clusters on AWS Elastic Kubernetes Service (EKS).</p>",Course,2024-06-24 14:44 UTC,N/A,false,N/A,
Excel: Creating a Basic Dashboard,"In this course, instructor Curt Frye shows you how to summarize spreadsheet data effectively to support decision-making throughout your organization. Curt explains how to set up a supporting workbook, including how to manage and filter data, streamline charts for dashboards, and create sparklines. He also goes over the process of creating a dashboard worksheet. Curt covers creating and managing cell links, using PivotTable data in a formula, extending your dashboard with hidden rows, and more.",Course,2024-03-13 19:16 UTC,N/A,false,N/A,
LPIC-2 Linux Engineer (202-450): 6 System Security,"The LPIC-2 Linux Engineer (202-450) course is designed for IT Professionals who are seeking the LPIC-2 certification. This series of courses from ITProTV covers the skills required of any intermediate to advanced systems administrator who is tasked with supporting Linux in a production environment. This course, sixth in the series, focuses on system security. Learn how to build a router and configure port forwarding, with iptables, and review how to use iptables as a firewall. Explore building a FTP server with vsftpd and Pure-FTPd. Find out how to restrict access to SSH and enable certificate authentication in SSH. Go over how to use Fail2ban to block brute force attacks and scan for open ports with Nmap. Plus, dive into building a VPN server with OpenVPN and configuring an OpenVPN client.
 <br><br>
Note: This course was created by ITProTV. We are pleased to host this training in our library.",Course,2023-04-13 01:03 UTC,N/A,false,N/A,
Running Kubernetes on AWS (EKS) (2021),"Kubernetes fans rejoice. You can now use this popular container orchestration tool with Amazon Web Services (AWS) to deploy enterprise-scale Kubernetes clusters—without the headaches of managing multiple masters. This course teaches you the ins and outs of Amazon Elastic Container Service for Kubernetes (Amazon EKS), including understanding the deployment model and creating the needed Identity and Access Management (IAM) roles and policies. Instructor Robert Stormer also shows how to deploy and scale EKS workers to meet your needs, and integrate storage and networking. Plus, find out how to manage user access with Amazon IAM and Kubernetes RBAC, and monitor your deployments and underlying resources. Along the way, Robert introduces useful Kubernetes extensions and add-ons that can be used in the AWS environment.",Course,N/A,N/A,true,N/A,
"Red Hat Certified System Administrator (EX200) Cert Prep: 1 Deploy, Configure, and Manage","Get prepared to pursue the sought-after Red Hat Certified System Administrator (RHCSA) certification. This course walks you through the skills addressed in the first half of the RHCSA exam. Instructor Grant McWilliams introduces what you should know about the Red Hat EX200 certification, then explains how to deploy systems, with steps like creating a bootable Enterprise Linux 9 live USB drive on Windows and using kickstart files to automate installs. Next, he explains system config and services, including the Linux boot process, Systemd services, and one-time and recurring user jobs. Grant then goes through essential tools, such as input-output redirection, compressing files and archives, and copying files and directories. Plus, he shows you how to manage the system software and create simple shell scripts.",Course,2025-04-25 10:27 UTC,N/A,false,N/A,
Coaching Employees through Difficult Situations,"<p>Have you ever had to provide coaching to an individual who can't take criticism, or inherited an employee who seems to continually make the same mistakes on the job? Part of growing as a leader is learning how to successfully tackle these and other challenging situations. In this course, leadership consultants Lisa Earle McLeod and Elizabeth McLeod help new and experienced managers address some of the most frequent coaching challenges. Using scenarios, Lisa and Elizabeth demonstrate how to motivate employees who have been demoted or promoted, as well as how to effectively coach employees who have big egos or simply don't want to be coached. In addition, they share strategies for using supplemental resources to further your coaching efforts.</p><p>This course includes AI-powered Role Play. Role Play allows you to practice what you’ve learned in interactive simulations of real-world conversations.</p>",Course,2024-08-04 21:21 UTC,N/A,false,N/A,
Nano Tips to Sharpen Your Critical Thinking with Shadé Zahrai,"<p>Welcome to our <i>Nano Tips</i> series, where LinkedIn Learning creators deliver impactful lessons in literally seconds. In this installment, explore what it takes to become a better critical thinker, using practical insights from award-winning leadership strategist and peak performance specialist Shadé Zahrai.</p><p>Learn how to scrutinize information like an investigator, posing Socratic questions and pushing the boundaries of your perspective. Challenge your assumptions to make better, smarter, more disruptive decisions with tools and techniques to enhance your focus and sense of clarity. Along the way, Shadé gives you pointers on how to avoid overthinking things to improve your chances of success in both your personal and professional life. By the end of this course, you’ll be prepared to create more inclusive, equitable spaces for open dialogue, ideation, and critical voice.</p>",Course,2025-03-19 06:49 UTC,N/A,false,N/A,
Jenkins Essential Training,"<p>If you want to build, deploy, and implement continuous delivery as code, you’ve likely heard about Jenkins, the popular DevOps suite known for its open-source extensibility and ease of use. Jenkins also lets you automate your entire enterprise as a software delivery pipeline. In this course, instructor Michael Jenkins shows you the fundamentals of navigating the platform so you can start automating builds and testing and securing deployments.</p><p>Learn about the core functions of Jenkins, progressing from intermediate to more advanced use cases and highlighting best practices and customization tips. Find out how to create a pipeline, integrate Jenkins with version control systems, distribute agents like Docker containers, run and publish tests, produce artifacts for review, and secure your DevOps loop by configuring users and permissions. Try out your new skills along the way in the challenges at the end of each section.</p>",Course,2024-06-17 09:05 UTC,N/A,false,N/A,
Build a JavaScript AI App with React and the OpenAI API,"In this course, learn how to integrate the OpenAI API into a JavaScript-based web app. Join instructor Morten Rand-Hendriksen as he takes a React-based weather app, adds  a heavy dose of AI, and creates an interactive experience that knows what location you want weather information from, explains the weather data in simple language, and even suggests what to wear. Through this project-based course, Morten teaches you about API integration, user-based authentication, storing user tokens in a ServiceWorker, task-based API configuration, and sending and receiving requests to the API.",Course,2024-03-11 08:22 UTC,N/A,false,N/A,
Building Infrastructure-as-Code (IaC) with Azure Bicep: Part 2,"This course is designed for cloud engineers, architects, and developers seeking to modernize their infrastructure management with Azure Bicep and builds on top of the lessons taught in <a href=""https://www.linkedin.com/learning/building-infrastructure-as-code-iac-with-azure-bicep-part-1/learning-azure-bicep?u=104""><i>Building Infrastructure-as-Code (IaC) with Azure Bicep: Part 1</i></a>. Join instructor and Microsoft MVP Elkhan Yusubov as he covers—through a series of demos—how to work with Azure tenant resources, automate infrastructure code deployment processes, and create reusable infrastructure code. Learn about best practices for code management via template specs, management of multiple environments with environment-driven deployments, securing your infrastructure code deployment process, and securing your Azure deployment environments.",Course,2025-05-07 09:06 UTC,N/A,false,N/A,
CompTIA Cloud+ (CV0-003) Cert Prep,"<p>Are you looking to take your skills to the next level with an industry-leading professional certification? The CompTIA Cloud+ certification vets your abilities as an IT professional to understand cloud architecture and design, deploy cloud services and solutions, troubleshoot common cloud management issues, and successfully maintain, secure, and optimize a cloud environment.</p><p>In this course, learn what it takes to meet the industry standard for launching successful IT careers in today’s ever-evolving digital world. With expert instruction from ITProTV, by the end of this course, you’ll be prepared to tackle the official CompTIA Cloud+ (CV0-003) certification exam.</p><p>Note: This course was created by ITProTV. We are pleased to host this content in our library.</p>",Course,2024-06-17 09:00 UTC,N/A,false,N/A,
Cert Prep: LEED Green Associate,"Are you both passionate and  knowledgeable about the latest green building principles and practices? If so, earning the LEED Green Associate credential can help you advance your career by demonstrating your expertise in sustainable design, construction, and building operations. In this course, instructor Fulya Kocak Gin gives you an overview of what to expect on the LEED Green Associate exam and provides background on the key topics and concepts you need to know. Fulya covers alternative transportation options, sustainable site strategies, ways to reduce energy and water use, renewable energy solutions, enhanced indoor air strategies, and much more. Plus, she includes a practice exam so you can solidify your understanding of the concepts covered in this course.",Course,2024-09-10 21:23 UTC,N/A,false,N/A,
Python Practice: Operations,"If you’re looking to practice basic operations in Python, this course was designed just for you. Join LinkedIn Learning staff instructor Scott Simpson as he leads you through a series of automated coding challenges hosted by CoderPad, the skills-first, technical assessment platform that lets you write live code in a realistic coding environment. Each challenge in the course includes a set of instructions and a couple of code editors you can use to create and test your own solution. Scott shows you get started testing your skills as a Python programmer with seven operations-focused challenges. Learn how to determine if two strings are equal, replace a string, reverse a string, format a string, insert a string, determine whether a string contains certain letters, and check to validate if multiple strings are anagrams.",Course,2025-03-12 21:08 UTC,N/A,true,N/A,
Creating Maps with R,"If you need to learn more about creating maps with R, this beginner-friendly course introduces an end-to-end mapping workflow and shows you how to import your data directly from Excel to create both static and interactive maps. Instructor Charlie Joey Hadley explains mapping fundamentals, like geo markers, scatter plots, hexbin maps, cartograms, and more. Charlie walks you through processing GIS data from Excel and working with GIS data formats such as raster, vector, sf, and sp. She demonstrates how to create, label, and transform static maps with ggplot2, then dives into building interactive, mobile-ready maps using Leaflet, an HTML widget package for creating interactive maps with R. Plus, Charlie covers base maps and tiles, projections, the Coordinate Reference System (CRS), and more.",Course,2025-01-09 11:00 UTC,N/A,false,N/A,
Java Practice: Collections,"<p>Java is a versatile, object-oriented programming language that is designed to run on a wide variety of platforms. Any machine that has a Java Virtual Machine, or JVM, can run Java apps. For that reason, Java is commonly used in a wide range of applications, including web, mobile, and desktop. Many of the apps you know and love were likely written in Java! In this course, instructor Todd Perkins, who has developed more than a dozen popular apps and games, uses a series of practical challenges to test your knowledge of Java collections and improve your programming problem-solving skills.</p>
 
<p>This course includes Code Challenges powered by CoderPad. Code Challenges are interactive coding exercises with real-time feedback, so you can get hands-on coding practice alongside the course content to advance your programming skills.</p>",Course,2024-06-17 09:13 UTC,N/A,false,N/A,
How Organizations End Imposter Syndrome,"If you struggle with self-doubt in your professional life, you’re far from alone. Imposter syndrome—the experience of not having an internal sense of your own success, despite the reality of your achievements—affects many, particularly those from underrepresented groups. But is a simple lack of confidence at the root of all this uncertainty, or are structural problems to blame? In this course, Jodi-Ann Burey explores the role that workplace cultures play in perpetuating imposter syndrome, as well as how to implement sustainable solutions that allow <i>all</i> employees to thrive.<br><br>Jodi-Ann details how and why imposter syndrome serves as a proxy for other common experiences, such as on-the-job learning or biased workplace practices. She also explains how leaders can affect lasting change by addressing the structural triggers that amplify imposter syndrome.",Course,2024-03-20 08:11 UTC,N/A,false,N/A,
AI Pair Programming with GitHub Copilot (2022),"The future of programming is all about collaboration—humans working with machines to achieve exciting and unimagined results. AI pair programming, which integrates human- and machine-generated code, is a prime example of a tool that alleviates tedious, menial tasks to let developers focus their attention on higher-level concerns. In this course, instructor Ronnie Sheer shows you how to get the most out of GitHub Copilot, one of the most useful and impactful new tools for streamlining software development with AI.<br><br>Get a comprehensive introduction on how to use Copilot to integrate your coding with the latest AI technology. Ronnie goes over the major features of the application, focusing specifically on Python and JavaScript, and using back-end and front-end Copilot tools. By the end of this course, you’ll be prepared to create data models, implement REST APIs, and write tests, client-side code and templates, HTML, CSS, and more.",Course,2024-02-27 09:21 UTC,N/A,false,N/A,
Learning Python (2021),"<p>Python—the popular and highly-readable object-oriented language—is both powerful and relatively easy to learn. Whether you're new to programming or an experienced developer, this course can help you get started with Python. Joe Marini provides an overview of the installation process, basic Python syntax, and an example of how to construct and run a simple Python program. Learn to work with dates and times, read and write files, and retrieve and parse HTML, JSON, and XML data from the web.</p>
<p>This course includes Code Challenges powered by CoderPad. Code Challenges are interactive coding exercises with real-time feedback, so you can get hands-on coding practice alongside the course content to advance your programming skills.</p><p>This course is part of a <a href=""https://www.linkedin.com/learning/paths/anaconda-python-for-data-science-professional-certificate"" target=""_blank"">Professional Certificate</a> from Anaconda.</p>",Course,2024-02-06 08:42 UTC,N/A,true,N/A,
Learning Git and GitHub,"<div><a href=""https://www.linkedin.com/newsletters/6674822532509655040?trk=lil-course-description"" target=""_blank"" class=""artdeco-button artdeco-button--1"">View Ray's LinkedIn Newsletter</a></div><br>Version Control lets you manage changes you've made to files over time, and is an essential skill for developers to master. Git is by far the most popular version control system on the web. In this fast-paced course, Ray Villalobos shows you the fundamental commands that you need to work with most Git projects. He explains how to use checkpoints called commits, which let you leave messages documenting what happened at each checkpoint, as well as how to create branches that are alternate versions of your project that you can work on without changing the original. Ray also shows how to work with the popular GitHub website, going in depth with repositories and projects. Learn about pull requests, how to conduct a code review, and how to clone existing projects onto your local hard drive and use them as templates. Plus, learn about the social aspects of GitHub so you can get comments, opinions, and advice to help you refine your projects.",Course,2024-02-28 09:44 UTC,N/A,false,N/A,
Java: Practice Unit Testing,"<p>The beauty of test-driven development is that it allows you to iterate your codebase one step at a time, testing and reworking individual cases as you go. Not only does this reduce the likelihood of bugs and errors, it also helps you write more effective and more reliable code.</p>
<p>In this course, instructor Bethan Palmer covers the essentials of unit testing in Java to showcase the benefits of test-driven development. Explore practical topics including common assertions, comparing arrays, and testing exceptions as well as some of the more advanced features of JUnit, the Java unit testing framework that lets you run parameterized tests. Along the way, take advantage of the opportunity to practice writing your own unit tests with hands-on, interactive coding exercises.</p><p>This course is integrated with GitHub Codespaces, an instant cloud developer environment that offers all the functionality of your favorite IDE without the need for any local machine setup. With GitHub Codespaces, you can get hands-on practice from any machine, at any time—all while using a tool that you’ll likely encounter in the workplace.</p>",Course,2024-06-20 03:45 UTC,N/A,false,N/A,
Azure AI Fundamentals (AI-900) Cert Prep: 4 Natural Language Processing (NLP) Workloads on Azure,"<p>In this course, skilled data scientist and AI engineer Eva Pardi guides you through common features of NLP workloads on Azure, including an overview of the Azure tools and services available, common workload scenarios, and conversational AI solutions using bots and the Azure Bot service. Learn what you need to get started with Natural Language Processing. Go over what responsible AI means, including ethical AI, interpretability techniques, and a text analytical model. Explore cognitive services for speech and translation. Find out about Language Understanding (LUIS) models. Plus, learn about how and where conversational AI can be used. This course maps to the of the ""Describe features of Natural Language Processing (NLP) workloads on Azure"" domain AI-900 Skills Measured doc.</p>",Course,2024-09-27 21:09 UTC,N/A,false,N/A,
Deploying and Managing Defender for Endpoint for Windows,"Did you know that Microsoft Defender for Endpoint (MDE) can help you secure endpoints using global threat intelligence and multiplatform detection and response? In this course, instructor Ru Campbell provides an overview of best practices and architectural insights for MDE, from onboarding devices and deploying and managing security capabilities, to responding to threats and incidents, and much more. Discover how this vast suite comes together to protect your organization more effectively with ease, as you develop the skills required to configure and manage Windows Defender Antivirus, enable and use attack surface reduction, and leverage the power of SmartScreen, Windows Firewall, device control, and conditional access.",Course,2024-08-15 04:49 UTC,N/A,false,N/A,
Python Essential Training,"<p>Python is one of the most commonly used dynamic languages for many large organizations, including Google, Yahoo, and IBM. Supported on all major operating systems, it comes pre-installed on Macs, as well as most Linux and Unix-based systems. In this course, senior software engineer Ryan Mitchell guides you through all the essentials of learning and using Python. Learn how computers think, as well as how to install Python, pip, and Jupyter Notebook and the basics of writing a program. Explore variables and types, operators, functions, classes, objects, and more. Go over basic data types like ints and floats, Booleans, and strings. Deep dive into basic data structures, control flow, functions, classes, and objects. Find out how to handle errors and exceptions, as well as threads and processes. Plus, discover how to work with different types of files in Python, pass command-line arguments to your Python script, and create modules and packages. </p><p>This course is part of a <a href=""https://www.linkedin.com/learning/paths/openedg-python-institute-programming-with-python-professional-certificate"" target=""_blank"">Professional Certificate</a> from Python Institute.</p>",Course,2024-01-30 09:45 UTC,N/A,true,N/A,
LPIC-2 Linux Engineer (202-450): 2 Web Services,"The LPIC-2 Linux Engineer (202-450) course is designed for IT Professionals who are seeking the LPIC-2 certification. This series of courses from ITProTV covers the skills required of any intermediate to advanced systems administrator who is tasked with supporting Linux in a production environment. This course, second in the series, focuses on web services. Learn how to install the Apache web server and configure virtual servers in Apache. Find out how to redirect URLs and enable SSL encryption in Apache. Go over what you need to know about installing the Squid proxy server, restricting server access with Squid, and enabling user authentication in Squid. Plus, explore how to implement Nginx as a web server or as a reverse proxy.
 <br><br>
Note: This course was created by ITProTV. We are pleased to host this training in our library.",Course,2024-01-27 10:30 UTC,N/A,false,N/A,
Writing and Refactoring Testable PHP,"<p>It’s difficult to innovate in a messy, disorganized PHP codebase. Enter test-driven development (TDD)—a more professional development approach that helps prevent regressions, increase developer confidence in a codebase, and keep the codebase clean to accommodate business logic pivots. In this course, learn how PHP developers can leverage TDD in new projects and refactor code in existing projects.</p>

<p>This course is integrated with GitHub Codespaces, an instant cloud developer environment that offers all the functionality of your favorite IDE without the need for any local machine setup. With GitHub Codespaces, you can get hands-on practice from any machine, at any time—all while using a tool that you’ll likely encounter in the workplace. Check out the “Using GitHub Codespaces with this course” video to learn how to get started.</p>",Course,2024-02-27 19:55 UTC,N/A,false,N/A,
DevOps Foundations (2016),"DevOps is not a framework or a workflow. It's a culture that is overtaking the business world. DevOps ensures collaboration and communication between software engineers (Dev) and IT operations (Ops). With DevOps, changes make it to production faster. Resources are easier to share. And large-scale systems are easier to manage and maintain.<br><br>

In this course, well-known DevOps practitioners Ernest Mueller and James Wickett provide an overview of the DevOps movement, focusing on the core value of CAMS (culture, automation, measurement, and sharing). They cover the various methodologies and tools an organization can adopt to transition into DevOps, looking at both agile and lean project management principles and how old-school principles like ITIL, ITSM, and SDLC fit within DevOps.<br><br> 

The course concludes with a discussion of the three main tenets of DevOps—infrastructure automation, continuous delivery, and reliability engineering—as well as some additional resources and a brief look into what the future holds as organizations transition from the cloud to serverless architectures.",Course,N/A,N/A,true,N/A,
Implementing a Data Warehouse with SQL Server 2022,"Data warehouses solve fundamentally different problems than a traditional transactional database, and SQL Server Data Warehouses provide a different model for storing valuable data. In this course, database expert Adam Wilbert guides you through the process of developing data warehouses in SQL Server 2022 to provide a robust, trustworthy platform to serve all your business intelligence reporting and analysis workloads. Explore data warehouse foundations, then get started creating a data warehouse in SQL Server. Learn about columnstore indexes, as well as how to automate the tasks associated with integrating multiple data sources together into a warehouse. Find out how to implement an Azure Synapse Analytics Dedicated SQL Pool and enforce data quality using Data Quality Services. Discover ways to use Master Data Services, plus learn how to consume data from your warehouse with business intelligence applications.",Course,2023-05-10 08:31 UTC,N/A,false,N/A,
Climate Adaptation and the Cost of Inaction,"<p>How well will the world adapt to increasingly frequent extreme climate events? The answer depends on your leadership approach. To date, most government and business leaders have been focusing exclusively on climate mitigation, often at the expense of climate adaptation.</p><p>In this course, join Charmian Caines, a managing director and senior partner at BCG, as she makes a case for why governments and businesses can—and must—focus closely on doing both. Charmian shows you how to build scenarios assessing the economic, social, and natural damage of rising temperatures and develop financial and operational plans to combat rising sea levels, raging fires, and other extreme weather events.</p><p>Note: This course was created by Boston Consulting Group. We are pleased to host this content in our library.</p>",Course,2025-03-27 21:46 UTC,N/A,false,N/A,
Advanced SQL for Data Scientists,"Many data scientists know how to work with SQL—the industry-standard language for data analysis. But as data sizes grow, you need to know how to do more than simply read and write from a database. This course provides a more sophisticated approach to designing data models and optimizing queries in SQL. Instructor Dan Sullivan begins with the logical and physical design of tables—with particular focus on very large databases—and then presents a deep dive review of indexes, including specialized indexes and when to use them. The next section introduces query optimization and shows how to optimize basic, multi-join, and more complex queries. The course also covers SQL extensions, including user-defined functions and specialized data types. The techniques taught here enable more efficient analysis of large data sets using SQL, statistics, and custom business logic.",Course,2023-04-16 01:00 UTC,N/A,false,N/A,
Getting Started with AWS Cloud Map,"AWS Cloud Map is a cloud resource discovery service that helps applications discover the most up-to-date location of resources. In this introductory course, instructor Roderick Rischer presents an overview of the discovery process and outlines the features and benefits of Cloud Map. He then demonstrates Cloud Map in action, leading learners through creation of resources and services. The course concludes with discussion of Cloud Map use cases.",Course,2024-04-21 03:24 UTC,N/A,false,N/A,
Nano Tips to Communicate Assertively and Set Boundaries with Shadé Zahrai,"Welcome to our <i>Nano Tips</i> series, where LinkedIn Learning creators deliver impactful lessons in literally seconds. In this course, award-winning leadership strategist and peak performance educator for Fortune 500 companies, Shadé Zahrai, shares essential tips on assertive communication—and how to confidently set boundaries. Learn how to communicate assertively to reduce confrontations and improve interpersonal outcomes, set boundaries for off-hours communication, address disagreement constructively, and more.",Course,2024-01-30 09:44 UTC,N/A,false,N/A,
Learning Adobe Audition,"Adobe Audition is a powerful tool for recording, editing, enhancing, and mixing audio of all kinds. It's also a deep program that can seem intimidating at first, but don’t let that stop you from exploring. In this course, author of the official <i>Adobe Audition Classroom in a Book</i> Maxim Jago breaks it down for you, outlining the key features and processes involved in creating great-sounding audio with Audition. An ideal fit for podcasters, audio producers, and video producers working with audio, this course equips you with the skills you need to produce and share exceptional audio content on your next project.",Course,2025-01-28 09:27 UTC,N/A,false,N/A,
Learning Asana (2022),"As a lightweight project management and team productivity tool, Asana can help you manage projects more efficiently and collaborate more effectively with your team. In this short course, David Rivers shows you how. David begins with a quick tour of the Asana interface, highlighting the program's most helpful features. Next, he explains how to organize teams, as well as create and delete projects. David covers how to build a project task list, add individual tasks, assign people and due dates to tasks, and more. Plus, he goes into the tools and techniques that help you monitor your projects and stay on top of collaboration.",Course,2024-02-04 10:19 UTC,N/A,false,N/A,
Learning Puppet,"Puppet can be a powerful and accessible tool in your server automation toolkit. In this course, experienced systems administrator and DevOps engineer Josh Samuelson offers hands-on experience to give you a confident start toward achieving your server automation goals. Learn about using Puppet as a server automation tool. Go over some first steps to take, like installation and using the Puppet command line. Explore ways you can use Puppet code and modules. Dive into serverless Puppet, and learn how to create a custom resource type and set up a Puppet server. Each topic comes with hands-on challenges and possible solutions, to help you practice and retain what you learn.",Course,2024-02-28 10:19 UTC,N/A,false,N/A,
Learning Ansible (2020),"<p>Ansible is a popular open-source tool that provides automation, configuration management, and orchestration all in one. In this course, Anthony Sequeira introduces Ansible and explains the many reasons system administrators and DevOps engineers choose Ansible as part of their IT toolkit. Learn how to install Ansible in different environments and work with hosts, variables, code, and playbooks. Practice your new deployment and playbook writing skills with the chapter challenges. Anthony then reviews six different use cases for Ansible, from remote management to orchestration and fleet automation. These practical examples help you see how Ansible can solve a variety of real-world challenges—while saving a ton of valuable time. </p><p>This course is part of a <a href=""https://www.linkedin.com/learning/paths/network-automation-professional-certificate-by-arista-networks"" target=""_blank"">Professional Certificate</a> from Arista Networks.</p>",Course,2024-06-16 04:59 UTC,2024-06-16 04:55 UTC,true,N/A,
Ethical Hacking: Vulnerability Analysis,"<p>In order to assess—and ultimately, decrease—an organization's risk, IT security professionals must first evaluate and reduce existing vulnerabilities. If you're working to strengthen network security at your organization, it's essential to have a solid grasp of the processes, methodologies, and tools needed to assess vulnerabilities. In this course, security expert Lisa Bock takes a deep dive into the topic of vulnerability scanning, covering what you need to know to find and address weaknesses that attackers might exploit. Lisa goes over the basics of managing organizational risk, discusses vulnerability analysis methodologies, and shows how to work with vulnerability assessment tools, including Nikto and OpenVAS. Plus, she shares tools and strategies for defending the LAN. Lisa also includes challenge chapters to test your knowledge of each section, along with solutions videos for each challenge.</p><p>Note: The <i>Ethical Hacking</i> series maps to the 20 parts of the <a href=""https://iclass.eccouncil.org/our-courses/certified-ethical-hacker-ceh/#1493240598534-2f9b47f1-3b7e"" target=""_blank"">EC-Council Certified Ethical Hacker (CEH) exam (312-50) version 11</a>.</p>",Course,2024-05-07 06:03 UTC,N/A,false,N/A,
Introduction to Terraform on Google Cloud Platform,"Terraform is an infrastructure management tool that lets you manage and maintain your servers, networking, storage, and more in one centralized set of code. In this course, learn how to use Terraform to manage resources on Google Cloud and take advantage of the benefits of infrastructure as code. Instructor Josh Samuelson guides you through setting up a Terraform code repo using GitHub, shows you how to use Google Cloud with Terraform, and takes you through setting up a workspace in Terraform Cloud using your GitHub repo and Google Cloud credentials. Learn how to explore state files, make changes to your Terraform code, use reusable modules, and clean up your infrastructure when you're done. If you’ve found your Google Cloud infrastructure lacking, join Josh in this course to make sense of it by managing your infrastructure in code.",Course,2025-01-31 01:51 UTC,N/A,true,N/A,
Setting Up a Red Hat Enterprise Linux Server,"<p>When it comes to meeting pressing business needs, you need an operating system that delivers at scale. Red Hat Enterprise Linux (RHEL) is one of the top enterprise Linux distributions in the world. It’s fast, optimized to run on high-performance servers and workstations, and supports a wide variety of hardware architecture. In this course, learn how to set up a successful new RHEL installation—a key skill for all professional Linux administrators.</p><p>Instructor Imran Afzal covers the basics of installing RHEL, executing basic commands, managing user accounts, and working with the Linux filesystem. Learn how to use the graphical interface, command line, and various tools and utilities built into RHEL to configure, maintain, and troubleshoot your server. Along the way, discover advanced administration skills to configure basic security settings that help keep your new Linux network safe.</p>",Course,2024-06-21 00:31 UTC,N/A,false,N/A,
Recruiting Techniques to Reveal Transferable Skills,"When filling opening job requisitions, do you often feel constricted by searching a pool of candidates filtered by job title or by specific industries? Imagine how satisfying it would be to have access to a larger pool of talent, one that might not be on the radar of your competitors. In this course, Barbara Bruno shows you how to identify top candidates based on the skills they have that will transfer to the jobs you need to fill, regardless of their previous titles or professional experience. Barbara explains how to identify transferable skills, revise your job requisition, and how to modify your interviewing and hiring processes. By focusing on transferable skills, you can provide your company with a tremendous competitive advantage—one that will fill open requisitions faster, help candidates advance in their career, and improve engagement and retention.",Course,2024-10-01 08:02 UTC,N/A,false,N/A,
Technical SEO,"<p>Even if the only thing you know about SEO is what the letters S, E, and O stand for, you probably know that good content on your website only goes so far when it comes to improving visibility. In order to maximize ROI and increase leads to your business, you need technical search engine optimization. In this course, SEO expert Dana DiTomaso shows how to optimize your website for SEO by looking at how crawlers work, developing strategies for increasing site speed and discoverability, using schema, architecture, URLs, and image/video to your SEO advantage. Along the way, learn how to leverage analytics data and search results assessments to drive ongoing SEO decisions and platform iterations. In addition to the actual nuts and bolts of SEO, Dana also covers the importance of making concrete recommendations to IT teams and web developers, so you can actually get the fixes implemented that you need. </p><p>This course is part of a <a href=""https://www.linkedin.com/learning/paths/digital-marketing-professional-certificate-by-content-marketing-institute"" target=""_blank"">Professional Certificate</a> from Content Marketing Institute.</p>",Course,2024-09-10 09:09 UTC,N/A,false,N/A,
Advanced Terraform (2020),"Terraform simplifies and accelerates the configuration of cloud-based environments. DevOps engineers looking to use Terraform in the real world can start by learning how to work with the Terraform CLI and the HashiCorp Configuration Language (HCL). In this course, Dave Swersky covers these concepts and more, helping you go beyond the basics with this powerful infrastructure as code solution. Using practical use cases, Dave shows how to manage and automate your infrastructure with Terraform. He steps through how to analyze an existing application running in a client's data center, and design a Terraform configuration that supports the application in AWS. He also goes over advanced concepts, including how to set the values of variables in a Terraform configuration. Plus, he steps through how to develop an application infrastructure with Terraform, create an infrastructure CI/CD pipeline using GitHub and Terraform Cloud, and more.",Course,N/A,N/A,true,N/A,
Nano Tips to Project Confidence and Executive Presence with Shadé Zahrai,"<p>Welcome to our Nano Tips series, where LinkedIn Learning creators deliver impactful lessons in literally seconds. In this course, behavioral strategist and global peak performance consultant to Fortune 500 companies Shadé Zahrai shows you frameworks that will support you in building genuine connections, speaking with precision, and maintaining poise. Learn ways to project confidence in your communication, refine your presence using concise messages, and reinforce your credibility through a confident posture. Plus, learn to amplify your influence with  a positive presence, asking thoughtful questions, and communicating with credibility.</p>

<p>This course was created by Shadé Zahrai. We are pleased to host this training in our library.</p>",Course,2025-08-15 04:22 UTC,N/A,false,N/A,
How To Be a Lead Data Scientist,"<p>In a world relentlessly transformed by technology, how can a seasoned data scientist level up as a leader? Where do you start? This course lays out the fundamentals needed to level up and succeed as a new lead data scientist: the essential skills, mindsets, and strategy.</p><p>Discover the critical demand for visionary data science leaders who can lead teams, devise impactful strategies, and bridge business needs and technical execution. This journey will equip you with a robust mental framework, solid professional pillars, enhanced leadership skills, and effective communication skills to produce lasting value. By the end of this course, you’ll be ready to unleash your new leadership skills across the AI and data science lifecycle.</p>",Course,2024-04-13 07:11 UTC,N/A,false,N/A,
React.js Essential Training,"Among all other JavaScript libraries, React.js stands out. It relies on reusable components, not templates, for UI development, allowing developers to render views where data changes over time. React applications are more scalable and more maintainable, making developers more efficient and users more satisfied. In this course, Eve Porcello introduces the basics of the React library using the most modern syntax and best practices for creating React components. Along the way, learn how to set up Chrome tools for React; create new components; work with the built-in Hooks in React; use the Create React App to run tests, and more. By the end of the course, you'll be armed with the essentials of React.js and better prepared to build your own browser-based projects.",Course,2024-01-30 09:44 UTC,N/A,true,N/A,
AWS Certified Cloud Practitioner (CLF-C01) Cert Prep: 1 Cloud Concepts,"Amazon Web Services (AWS)—and cloud computing in general—can be difficult for people without technical backgrounds to decipher. This introductory course is a bridge between non-engineers and the cloud. It is the first in a four-part series designed to help professionals in non-technical roles, including finance teams, project managers, and marketers, make the best use of AWS. Instructor Hiroko Nishimura—founder of Intro to AWS for Newbies—provides a brief history of cloud computing, an overview of cloud deployment models, and a summary of cloud design principles. She then shows how to create an account and start using the AWS Free Tier to gain hands-on experience with AWS products and services. Plus, get exam tips and learn about resources for professionals studying for the AWS Certified Cloud Practitioner exam.<br/><br/>Note: This course also maps to the first domain of the AWS Certified Cloud Practitioner exam. Taking all four courses in the <i>Introduction to AWS for Non-Engineers</i> series will help you prepare for the exam.",Course,2024-02-09 22:55 UTC,N/A,false,N/A,
DevOps Foundations: Your First Project (2019),"Curious about how to put DevOps principles into practice? This course can help. Join Carlos Nunez as he demonstrates how to apply DevOps principles to a sample app for a fictitious travel booking company. Throughout the course, Carlos shows how to leverage popular tools and methodologies to make updating, testing, and releasing the app a breeze. After explaining how to containerize the website with Docker and Docker Compose, he shows how to write unit and integration tests with RSpec, Capybara, and Selenium. He then steps through how to deploy your website into the cloud with Terraform and write a Jenkinsfile that will build, test, and deploy your app. Upon wrapping up this course, you'll know how to turn a slow and complex application development process into a fast and enjoyable one.",Course,2024-03-10 04:47 UTC,N/A,false,N/A,
Communicating with Confidence,"<p>Confidence is one of the secrets of impactful communication. But how do you cultivate it effectively as you grow? In this course, join instructor and professional speaking coach Vinh Giang as he shares insights, strategies, and practical techniques on how to start communicating with more clarity, power, and confidence.</p><p>Discover the foundational skills of a successful communicator, developing your power of presence along the way. Learn how to manage your message, master your voice and body language, communicate with confidence digitally, and handle nervousness and overcome your fear. Upon completing this course, you’ll be equipped with the self-awareness you need to continue building your skills and improving your communication style.</p><p>This course is part of a <a href=""https://www.linkedin.com/learning/paths/essential-business-communication-skills-professional-certificate-by-linkedin-learning"" target=""_blank"">Professional Certificate</a> from LinkedIn Learning.</p> <p>This course is part of a <a href=""https://www.linkedin.com/learning/paths/public-speaking-skills-professional-certificate-by-toastmasters-international"" target=""_blank"">Professional Certificate</a> from Toastmasters International.</p>",Course,2024-08-15 21:08 UTC,N/A,false,N/A,
Strategic Agility,"The theory behind change management is that you're going from one state to another. But constant change is the new normal. In this new world of work, organizational leaders need agile strategies to keep up with the pace of change and ensure that they're focused on the right things. In this course, eParachute co-founder Gary Bolles outlines what it means to become an adaptive organization, including decisions made about who to hire, what the company values as important, how to align processes, how to think about risk, and what behavior senior leaders need to model for the rest of the organization.",Course,2023-04-09 23:50 UTC,N/A,false,N/A,
Kubernetes: Your First Project (2021),"This course walks you through your first Kubernetes project, in which you help a fictional company, Explore California, move their static website, currently running in AWS on virtual machines, into containers through Kubernetes. Instructor Carlos Nunez explores the core concepts of what makes Kubernetes tick: containers, the scheduler, the API server, the controller manager, and kube-proxy. Next, he shows you how to containerize the Explore California site and use Make to automate starting the website with Docker. Carlos steps through using Helm, one of the world’s most popular packaging tools for Kubernetes, to author a “Helm chart” that deploys Explore California onto a local Kubernetes cluster provisioned with Kind, an instance of Kubernetes on top of Docker. Finally, he deploys Explore California into AWS Elastic Kubernetes Service (a traditional managed Kubernetes offering) and AWS Elastic Container Registry (a “private” alternative to Docker Hub).",Course,2024-02-24 23:11 UTC,N/A,true,N/A,
Java 8 Essential Training,"If you want to build applications for mobile devices, desktop computers, or the web, you need to know Java. This course provides the foundation for learning Java SE (Standard Edition), so you can build your first apps or start exploring the language on your own. Author David Gassner shows how to install Java and the IntelliJ IDEA IDE, and start working with variables, data types, keywords, and other critical language components. He also helps you control program flow with conditional logic and loops, store data with the Java Collections Framework, and understand how Java implements object-oriented coding principles such as inheritance and polymorphism. Plus, David introduces hands-on challenges to help you practice what you learn.",Course,2024-09-07 23:37 UTC,N/A,false,N/A,
Linux: Kernels and Logging for System Administration,"In order to gain a more holistic understanding of Linux, it’s crucial for system administrators to understand the mechanics of the operating system at its core—the Linux kernel. In this course, learn how to manage Linux kernels on Enterprise Linux, and manage the GRUB boot loader, system initialization, and system logging. Grant McWilliams explains how to fix a Linux installation issue by booting into the emergency target, and shows how to leverage systemd to help maintain system services. Along the way, explore Linux kernel versions and how to update the kernel and manage kernel modules. In conclusion, Grant covers the essentials of system logging, demonstrating how to search and rotate log files, make journald logs persistent, use rsyslog filters, and more.",Course,2025-05-04 00:34 UTC,N/A,false,N/A,
AWS Essential Training for Developers,"Learn the best ways to host your application within AWS. Jeremy “JV” Villeneuve guides you through how to make the best use of services like IaaS, DBaaS, PaaS, and SaaS using hands-on examples. Plus, explore DevOps and security within AWS and prepare for the AWS Cloud Practitioner Certification (CLF-C02) exam by using the sample questions included at the end of each chapter.",Course,2024-01-30 09:45 UTC,N/A,false,N/A,
Gestione delle prestazioni: Eseguire valutazioni delle prestazioni,"Le valutazioni delle prestazioni possono avere un enorme impatto sul futuro dei tuoi dipendenti. In questo breve corso, il secondo capitolo della serie <i>Gestione delle prestazioni</i>, impara come prepararti ed eseguire valutazioni delle prestazioni eque, produttive e di impatto. Il dott. Todd Dewett mostra ai manager come scrivere e fornire valutazioni efficaci delle prestazioni, spiegando come raccogliere feedback, scrivere la valutazione formale e condurre riunioni efficaci con i dipendenti. Esamina anche i piani di miglioramento delle prestazioni dei dipendenti, spiegando perché possono essere necessari, in che modo differiscono da una valutazione dei dipendenti e come gestirli in modo efficace. Al termine di questo corso, capirai come rendere le valutazioni delle prestazioni più utili e motivanti e meno stressanti sia per te che per i tuoi dipendenti.",Course,2024-05-06 18:48 UTC,N/A,false,N/A,
SketchUp Pro 2022 Essential Training,"Build your 3D modeling skills by mastering the basics of SketchUp. In this course, instructor Tammy Cody helps you get up to speed with this easy-to-use computer modeling application by reviewing the drawing and design tools offered in the latest version of SketchUp and then creating the opportunity to practice what you’ve learned. Find out how to navigate the interface, manipulate objects, draw and organize elements, and work with materials and textures on both Windows and Mac computers. Get tips along the way to apply simple styles and animation techniques to make your 3D projects more polished and presentable.",Course,2023-08-28 10:16 UTC,N/A,false,N/A,
DevOps Foundations,"<p>DevOps ensures collaboration and communication between software engineers (Dev) and IT operations (Ops). With DevOps, changes make it to production faster. Resources are easier to share. And large-scale systems are easier to manage and maintain.
 </p><p>
In this course, well-known DevOps practitioners Ernest Mueller and James Wickett provide an overview of the DevOps movement, focusing on the core value of CAMS (culture, automation, measurement, and sharing). They cover the various methodologies and tools an organization can adopt to transition into DevOps, looking at both agile and lean project management principles and how old-school principles like ITIL, ITSM, and SDLC fit within DevOps.
</p><p>
The course concludes with a discussion of the three main tenets of DevOps—infrastructure automation, continuous delivery, and designing resilient systems—as well as some additional resources and what the future holds.</p><p>This course is part of a <a href=""https://www.linkedin.com/learning/paths/devops-professional-certificate-by-pagerduty-and-linkedin?u=104"" target=""_blank"">Professional Certificate</a> from PagerDuty.</p>",Course,2024-03-20 08:15 UTC,N/A,false,N/A,
Advanced LLMs with Retrieval Augmented Generation (RAG): Practical Projects for AI Applications,"Are you an engineer, solutions architect, or software developer tasked with building enterprise applications? It’s time to get up to speed with the latest AI-powered tools and techniques—in this case, retrieval-augmented generation (RAG). In this course, designed by leading technology educator Pragmatic AI Labs, join instructor Guy Ernest as he outlines the foundational and advanced concepts required to leverage RAG for large language models, including text encoding using embedded vectors, document chunking with enrichment strategies, improving document retrieval, and more. By the end of this course, you’ll be equipped with the skills you need to take advantage of the power of RAG.",Course,2025-09-03 22:03 UTC,N/A,false,N/A,
Learning LinkedIn (2021),"By harnessing the power of the LinkedIn platform, you can tap into an expansive network of professionals, companies, and groups in your industry and beyond. In this course, discover how to make the most of your LinkedIn account. Follow Oliver Schinkten as he explains how to build a stellar LinkedIn profile, and shares how to expand your network, look for new career opportunities, join groups, share updates, and contribute your own thought leadership. He goes over how to use Creator Mode and Cover Story, as well as how to add your preferred pronouns to your LinkedIn profile. Plus, Oliver explores privacy settings and account types. Upon wrapping up this course, you'll have the tools you need to grow your career by leveraging LinkedIn.",Course,2023-04-01 03:08 UTC,N/A,false,N/A,
Building Your First iOS 17 App,"Interested in building native iOS applications? Join instructor Todd Perkins in this course as he details the code, tools, frameworks, and practices for building, debugging, and deploying iOS applications. Todd covers the latest techniques and practices available, along with the most recent releases of iOS and Swift–the popular programming language used for developing iOS apps.",Course,2025-03-15 21:47 UTC,N/A,false,N/A,
Learning Jenkins,"Do you need to automate tasks as part of your software development, system administration, or engineering work? This course introduces you to Jenkins, a highly configurable application used to automate software development and system administration tasks, and helps you build confidence in using it. Jenkins is a key DevOps tool, along with Docker and Git. Instructor Michael Jenkins covers how to set up a personal installation of Jenkins and familiarize yourself with the program’s interface. Next, Michael steps through how to configure your first job in Jenkins.  After you get some experience with jobs, he explains the Jenkins plugin environment and how plugins are used to extend the functionality that Jenkins offers.  Finally, Michael wraps up with detailed instructions on organizing jobs in folders and views, as well as a brief look into creating pipelines as code.",Course,2024-06-25 22:11 UTC,N/A,false,N/A,
Tableau Essential Training,"Tableau is a powerful and versatile data analytics and visualization tool that many consider indispensable for data science work. Its drag-and-drop interface makes it easy to sort, compare, and analyze data from multiple sources, including Excel, SQL Server, and cloud-based data repositories. In this course, learn how to analyze and display data using Tableau 2023—and make better, more data-driven decisions for your company. Instructor Curt Frye uses real-world examples to demonstrate how to create, manipulate, and share data visualizations.",Course,2024-10-12 09:53 UTC,N/A,false,N/A,
